{"RuleTriggered": 0, "Violations": 0, "Details": {"pin_memory": false, "num_workers": 0, "cores": 2, "dataloaders": 1, "dataloading_time": {"p25": 1.82952925, "p50": 1.944755, "p95": 2.8055860999999993, "probs": [1, 0, 0, 0, 0, 0, 0, 2, 0, 0, 0, 0, 0, 0, 1, 1, 0, 0, 0, 1, 0, 0, 0, 0, 0, 0, 0, 0, 0, 1, 0, 0, 0, 0, 0, 1, 0, 0, 0, 0, 0, 0, 0, 0, 0, 0, 0, 0, 0, 0, 0, 0, 0, 0, 1, 0, 0, 0, 0, 0, 0, 0, 0, 0, 0, 0, 0, 0, 0, 0, 0, 0, 0, 0, 0, 0, 0, 0, 0, 0, 0, 0, 0, 0, 0, 0, 0, 0, 0, 0, 0, 0, 0, 0, 0, 0, 0, 0, 0, 1], "binedges": [1.697563, 1.71149669, 1.72543038, 1.73936407, 1.75329776, 1.76723145, 1.78116514, 1.79509883, 1.80903252, 1.82296621, 1.8368999, 1.85083359, 1.86476728, 1.87870097, 1.89263466, 1.90656835, 1.92050204, 1.93443573, 1.94836942, 1.96230311, 1.9762368, 1.99017049, 2.00410418, 2.01803787, 2.03197156, 2.04590525, 2.05983894, 2.07377263, 2.08770632, 2.10164001, 2.1155737, 2.12950739, 2.14344108, 2.15737477, 2.17130846, 2.18524215, 2.19917584, 2.21310953, 2.22704322, 2.24097691, 2.2549106, 2.26884429, 2.28277798, 2.29671167, 2.31064536, 2.32457905, 2.33851274, 2.35244643, 2.36638012, 2.38031381, 2.3942475, 2.40818119, 2.42211488, 2.43604857, 2.44998226, 2.46391595, 2.47784964, 2.49178333, 2.50571702, 2.51965071, 2.5335844, 2.54751809, 2.56145178, 2.57538547, 2.58931916, 2.60325285, 2.61718654, 2.63112023, 2.64505392, 2.65898761, 2.6729213, 2.68685499, 2.70078868, 2.71472237, 2.72865606, 2.74258975, 2.75652344, 2.77045713, 2.78439082, 2.79832451, 2.8122582, 2.82619189, 2.84012558, 2.85405927, 2.86799296, 2.88192665, 2.89586034, 2.90979403, 2.92372772, 2.93766141, 2.9515951, 2.96552879, 2.97946248, 2.99339617, 3.00732986, 3.02126355, 3.03519724, 3.04913093, 3.06306462, 3.07699831, 3.090932]}}, "Datapoints": 10, "RuleParameters": "min_threshold:70\nmax_threshold:200"}