{"RuleTriggered": 0, "Violations": 0, "Details": {"pin_memory": false, "num_workers": 0, "cores": 2, "dataloaders": 1, "dataloading_time": {"p25": 2.606092, "p50": 2.606092, "p95": 2.606092, "probs": [0, 0, 0, 0, 0, 0, 0, 0, 0, 0, 0, 0, 0, 0, 0, 0, 0, 0, 0, 0, 0, 0, 0, 0, 0, 0, 0, 0, 0, 0, 0, 0, 0, 0, 0, 0, 0, 0, 0, 0, 0, 0, 0, 0, 0, 0, 0, 0, 0, 0, 1, 0, 0, 0, 0, 0, 0, 0, 0, 0, 0, 0, 0, 0, 0, 0, 0, 0, 0, 0, 0, 0, 0, 0, 0, 0, 0, 0, 0, 0, 0, 0, 0, 0, 0, 0, 0, 0, 0, 0, 0, 0, 0, 0, 0, 0, 0, 0, 0, 0], "binedges": [2.106092, 2.1160919999999996, 2.126092, 2.1360919999999997, 2.146092, 2.1560919999999997, 2.166092, 2.1760919999999997, 2.186092, 2.1960919999999997, 2.206092, 2.2160919999999997, 2.226092, 2.2360919999999997, 2.246092, 2.2560919999999998, 2.266092, 2.276092, 2.286092, 2.296092, 2.306092, 2.316092, 2.326092, 2.336092, 2.3460919999999996, 2.356092, 2.366092, 2.376092, 2.3860919999999997, 2.396092, 2.4060919999999997, 2.416092, 2.4260919999999997, 2.436092, 2.4460919999999997, 2.456092, 2.4660919999999997, 2.476092, 2.4860919999999997, 2.496092, 2.5060919999999998, 2.516092, 2.526092, 2.536092, 2.546092, 2.556092, 2.566092, 2.576092, 2.586092, 2.5960919999999996, 2.606092, 2.616092, 2.626092, 2.6360919999999997, 2.646092, 2.656092, 2.666092, 2.6760919999999997, 2.686092, 2.6960919999999997, 2.706092, 2.7160919999999997, 2.726092, 2.7360919999999997, 2.746092, 2.7560919999999998, 2.766092, 2.776092, 2.786092, 2.796092, 2.806092, 2.816092, 2.826092, 2.836092, 2.8460919999999996, 2.856092, 2.866092, 2.876092, 2.8860919999999997, 2.896092, 2.906092, 2.916092, 2.9260919999999997, 2.936092, 2.9460919999999997, 2.956092, 2.9660919999999997, 2.976092, 2.9860919999999997, 2.996092, 3.0060919999999998, 3.016092, 3.026092, 3.036092, 3.046092, 3.056092, 3.066092, 3.076092, 3.086092, 3.0960919999999996, 3.106092]}}, "Datapoints": 1, "RuleParameters": "min_threshold:70\nmax_threshold:200"}