{"RuleTriggered": 0, "Violations": 0, "Details": {"step_num": {"first": 1644087690825775, "last": 1644088791350570}, "job_start": 1644087554.956492, "job_end": 1644088799.923146}, "Datapoints": 80, "RuleParameters": "threshold:20"}