{"RuleTriggered": 0, "Violations": 0, "Details": {"ratio": {"cpu_functions": 100.0}, "phase": {"Step:ModeKeys.TRAIN": 94.11426423289002, "others": -5.1839863780737065, "Step:ModeKeys.EVAL": 11.06972214518369}, "phase_time": {}, "CPU": {"aten::conv2d": 18.09906598033914, "aten::convolution": 18.098664111661698, "aten::_convolution": 18.09830908022225, "aten::mkldnn_convolution": 18.097137114195107, "aten::batch_norm": 5.533543045643259, "aten::_batch_norm_impl_index": 5.5327336153644096, "aten::native_batch_norm": 5.532087468495392, "aten::max_pool2d": 2.806458318950614, "aten::max_pool2d_with_indices": 2.7848008836059734, "enumerate(DataLoader)#_SingleProcessDataLoaderIter.__next__": 5.417200381522168}, "CPU_total": {"aten::conv2d": 69942872, "aten::convolution": 69941319, "aten::_convolution": 69939947, "aten::mkldnn_convolution": 69935418, "aten::batch_norm": 21384081, "aten::_batch_norm_impl_index": 21380953, "aten::native_batch_norm": 21378456, "aten::max_pool2d": 10845408, "aten::max_pool2d_with_indices": 10761714, "enumerate(DataLoader)#_SingleProcessDataLoaderIter.__next__": 20934481}, "general": {"DataLoaderIterInitialize": 0.00037382218995933694, "DataLoaderIter": 0.9471484826837122, "Forward": 99.05247769512633}}, "Datapoints": 0, "RuleParameters": ""}