{"RuleTriggered": 0, "Violations": 0, "Details": {"ratio": {"cpu_functions": 100.0}, "phase": {"Step:ModeKeys.TRAIN": 87.06577711050171, "others": -1.228566243663684, "Step:ModeKeys.EVAL": 14.162789133161974}, "phase_time": {}, "CPU": {"aten::conv2d": 19.044978878101862, "aten::convolution": 19.044634424446695, "aten::_convolution": 19.044264511173534, "aten::mkldnn_convolution": 19.042364025571757, "aten::batch_norm": 4.567362614809398, "aten::_batch_norm_impl_index": 4.565909918959339, "aten::native_batch_norm": 4.56531985487179, "aten::max_pool2d": 3.497398206756299, "aten::max_pool2d_with_indices": 3.4759776822785837, "enumerate(DataLoader)#_SingleProcessDataLoaderIter.__next__": 3.1517898830307263}, "CPU_total": {"aten::conv2d": 12716791, "aten::convolution": 12716561, "aten::_convolution": 12716314, "aten::mkldnn_convolution": 12715045, "aten::batch_norm": 3049738, "aten::_batch_norm_impl_index": 3048768, "aten::native_batch_norm": 3048374, "aten::max_pool2d": 2335297, "aten::max_pool2d_with_indices": 2320994, "enumerate(DataLoader)#_SingleProcessDataLoaderIter.__next__": 2104526}, "general": {"DataLoaderIterInitialize": 0.0003381817492528229, "DataLoaderIter": 0.21670340577176977, "Forward": 99.78295841247898}}, "Datapoints": 0, "RuleParameters": ""}