{"RuleTriggered": 0, "Violations": 0, "Details": {"step_details": {"algo-1-29": {"step_stats": {"mean": 10.532496043010754, "max": 22.495822, "p99": 20.061113450000015, "p95": 18.310772749999998, "p50": 9.829222, "min": 1.398891}, "number_of_outliers": 8, "phase": "Step:ModeKeys.TRAIN", "stddev": 2.7, "probs": [2, 0, 0, 1, 0, 0, 0, 0, 0, 0, 0, 0, 0, 0, 0, 0, 0, 0, 0, 0, 0, 0, 0, 0, 0, 0, 0, 0, 0, 0, 0, 0, 0, 0, 0, 0, 0, 0, 0, 0, 0, 0, 0, 0, 0, 0, 9, 31, 39, 25, 16, 3, 11, 5, 6, 12, 9, 1, 0, 0, 1, 0, 0, 0, 0, 0, 0, 0, 0, 0, 0, 0, 0, 2, 0, 0, 0, 0, 0, 0, 1, 0, 0, 0, 0, 0, 0, 0, 0, 0, 0, 0, 0, 0, 0, 0, 0, 0, 2, 2], "binedges": [1.398891, 1.5696638, 1.7404366000000002, 1.9112094000000002, 2.0819822, 2.2527550000000005, 2.4235278000000005, 2.5943006000000004, 2.7650734000000003, 2.9358462000000003, 3.1066190000000002, 3.2773918, 3.4481646, 3.6189374, 3.789710200000001, 3.960483000000001, 4.131255800000001, 4.302028600000001, 4.472801400000001, 4.643574200000001, 4.814347000000001, 4.9851198000000005, 5.1558926000000005, 5.3266654, 5.4974382, 5.668211, 5.8389838, 6.009756600000001, 6.180529400000001, 6.351302200000001, 6.522075000000001, 6.692847800000001, 6.863620600000001, 7.034393400000001, 7.205166200000001, 7.375939000000001, 7.546711800000001, 7.717484600000001, 7.888257400000001, 8.059030200000002, 8.229803000000002, 8.400575800000002, 8.571348600000002, 8.742121400000002, 8.912894200000002, 9.083667000000002, 9.254439800000002, 9.425212600000002, 9.595985400000002, 9.766758200000002, 9.937531000000002, 10.108303800000002, 10.279076600000002, 10.449849400000002, 10.620622200000003, 10.791395000000003, 10.962167800000003, 11.132940600000003, 11.303713400000003, 11.474486200000003, 11.645259000000003, 11.816031800000003, 11.986804600000003, 12.157577400000003, 12.328350200000003, 12.499123000000003, 12.669895800000003, 12.840668600000003, 13.011441400000002, 13.182214200000002, 13.352987000000002, 13.523759800000002, 13.694532600000002, 13.865305400000002, 14.036078200000002, 14.206851000000004, 14.377623800000004, 14.548396600000004, 14.719169400000004, 14.889942200000004, 15.060715000000004, 15.231487800000004, 15.402260600000004, 15.573033400000003, 15.743806200000003, 15.914579000000003, 16.0853518, 16.256124600000003, 16.4268974, 16.597670200000003, 16.768443, 16.939215800000003, 17.1099886, 17.280761400000003, 17.4515342, 17.622307000000003, 17.7930798, 17.963852600000003, 18.1346254, 18.305398200000003, 18.476171], "step_numbers": ["1", "1", "2", "6", "7", "7", "8", "9"]}}}, "Datapoints": 213, "RuleParameters": "threshold:3\nmode:None\nn_outliers:10\nstddev:3"}